ID	GLOSS	SID	SCategory	NewCategory	CONCEPTICON_ID	CONCEPTICON_GLOSS	SIMILARITY
Both_1	bear	3	Animals	Animals	1820	BEAR	2
Both_2	bee	4	Animals	Animals	665	BEE	2
Both_3	bird	5	Animals	Animals	937	BIRD	2
Both_4	buffalo	6	Animals	Animals	934	BUFFALO	2
Both_5	cat	7	Animals	Animals	1208	CAT	2
#<<<							
Both_6	chicken	12	Animals	Animals	2512	CHICK	2
Both_6	chicken	12	Animals	Animals	1318	CHICKEN	2
#>>>							
Both_7	dog	19	Animals	Animals	2009	DOG	2
#<<<							
Both_8	fish	25	Animals	Animals	227	FISH	2
Both_8	fish	25	Animals	Animals	2638	FISHING	2
#>>>							
#<<<							
Both_9	fly	27	Animals	Animals	1504	FLY (INSECT)	2
Both_9	fly	27	Animals	Animals	1441	FLY (MOVE THROUGH AIR)	2
#>>>							
Both_10	frog	28	Animals	Animals	503	FROG	2
Both_11	monkey	37	Animals	Animals	1350	MONKEY	2
Both_12	mosquito	38	Animals	Animals	1509	MOSQUITO	2
#<<<							
Both_13	pig	39	Animals	Animals	1337	PIG	2
Both_13	pig	39	Animals	Animals	2564	PIGLET	2
#>>>							
Both_14	snail	45	Animals	Animals	1543	SNAIL	2
Both_15	snake	46	Animals	Animals	730	SNAKE	2
Both_16	spider	48	Animals	Animals	843	SPIDER	2
Both_17	tiger	49	Animals	Animals	846	TIGER	2
#<<<							
Both_18	turtle	50	Animals	Animals	895	TORTOISE	2
Both_18	turtle	50	Animals	Animals	112	TURTLE	2
#>>>							
Both_19	earthworm	53	Animals	Animals	2350	EARTHWORM	2
#<<<							
Both_20	back	57	Body	Body	2323	BACK (PART)	2
Both_20	back	57	Body	Body	1291	BACK	2
Both_20	back	57	Body	Body	2910	BACK (DIRECTION)	2
#>>>							
Both_21	beard	58	Body	Body	678	BEARD	2
Both_22	blood	60	Body	Body	946	BLOOD	2
Both_23	bone	62	Body	Body	1394	BONE	2
Both_24	brain	63	Body	Body	1583	BRAIN	2
Both_25	egg	69	Body	Body	744	EGG	2
Both_26	eye	70	Body	Body	1248	EYE	2
Both_27	face	72	Body	Body	1560	FACE	2
#<<<							
Both_28	excrement	73	Body	Body	675	FAECES (EXCREMENT)	2
Both_28	excrement	73	Body	Body	47	EXCRETA	2
Both_28	excrement	73	Body	Body	3435	COW DUNG	2
#>>>							
Both_29	finger	74	Body	Body	1303	FINGER	2
Both_30	fingernail	75	Body	Body	1258	FINGERNAIL	2
Both_31	hand	80	Body	Body	1277	HAND	2
Both_32	head	81	Body	Body	1256	HEAD	2
Both_33	heart	82	Body	Body	1223	HEART	2
#<<<							
Both_34	horn	85	Body	Animals, Body	939	HORN (INSTRUMENT)	2
Both_34	horn	85	Body	Animals, Body	124	THORN	2
Both_34	horn	85	Body	Animals, Body	1393	HORN (ANATOMY)	2
#>>>							
Both_35	leg	87	Body	Body	1297	LEG	2
Both_36	liver	88	Body	Body	1224	LIVER	2
Both_37	lungs	89	Body	Body	688	LUNG	2
#<<<							
Both_38	milk	90	Body	Animals, Body	635	MILK	2
Both_38	milk	90	Body	Animals, Body	93	DRAW MILK	2
#>>>							
Both_39	mouth	91	Body	Body	674	MOUTH	2
Both_40	nose	95	Body	Body	1221	NOSE	2
Both_41	pus	96	Body	Body	1808	PUS	2
Both_42	saliva	98	Body	Body	1503	SALIVA	2
#<<<							
Both_43	skin	100	Body	Body	763	SKIN	2
Both_43	skin	100	Body	Body	291	PULL OFF (SKIN)	2
#>>>							
Both_44	tail	101	Body	Body	1220	TAIL	2
Both_45	thigh	103	Body	Body	800	THIGH	2
Both_46	tongue	105	Body	Body	1205	TONGUE	2
Both_47	urine	108	Body	Body	1142	URINE	2
Both_48	chin	110	Body	Body	1510	CHIN	2
Both_49	heel	111	Body	Body	980	HEEL	2
Both_50	navel	112	Body	Body	1838	NAVEL	2
Both_51	cave	114	Nature	Nature	1155	CAVE	2
Both_52	cliff	115	Nature	Nature	992	CLIFF	2
Both_53	cloud	116	Nature	Nature	1489	CLOUD	2
Both_54	forest	121	Nature	Plants, Food	420	FOREST	2
Both_55	gold	122	Nature	Nature	1369	GOLD	2
#<<<							
Both_56	iron	123	Nature	Nature	621	IRON	2
Both_56	iron	123	Nature	Nature	3118	IRON (CLOTHES)	2
#>>>							
Both_57	mountain	125	Nature	Nature	639	MOUNTAIN	2
Both_58	mud	126	Nature	Nature	640	MUD	2
#<<<							
Both_59	rain	128	Nature	Nature	1253	RAIN (RAINING)	2
Both_59	rain	128	Nature	Nature	2108	RAINING OR RAIN	2
Both_59	rain	128	Nature	Nature	658	RAIN (PRECIPITATION)	2
#>>>							
Both_60	river	129	Nature	Nature	666	RIVER	2
Both_61	salt	130	Nature	Plants, Food	1274	SALT	2
Both_62	sand	131	Nature	Nature	671	SAND	2
Both_63	silver	132	Nature	Nature	759	SILVER	2
Both_64	silver	132	Nature	Nature	759	SILVER	2
Both_65	sky	133	Nature	Nature	1732	SKY	2
#<<<							
Both_66	stone	134	Nature	Nature	857	STONE	2
Both_66	stone	134	Nature	Nature	1762	STONE (OF FRUIT)	2
#>>>							
Both_67	sun	135	Nature	Nature	1343	SUN	2
#<<<							
Both_68	thunder	137	Nature	Nature	1150	THUNDER	2
Both_68	thunder	137	Nature	Nature	2378	THUNDER (VERB)	2
#>>>							
#<<<							
Both_69	water	138	Nature	Nature	3078	IRRIGATE	2
Both_69	water	138	Nature	Nature	948	WATER	2
Both_69	water	138	Nature	Nature	2516	WATER BUFFALO	2
#>>>							
Both_70	wind	139	Nature	Nature	960	WIND	2
#<<<							
Both_71	banana	141	Vegetable/Food	Plants, Food	868	BANANA	2
Both_71	banana	141	Vegetable/Food	Plants, Food	399	PLANTAIN	2
#>>>							
#<<<							
Both_72	bean	144	Vegetable/Food	Plants, Food	832	BEAN	2
Both_72	bean	144	Vegetable/Food	Plants, Food	2574	BEAN OR PEA	2
#>>>							
Both_73	cucumber	150	Vegetable/Food	Plants, Food	496	CUCUMBER	2
Both_74	eggplant	151	Vegetable/Food	Plants, Food	1146	AUBERGINE	2
#<<<							
Both_75	fat	152	Vegetable/Food	Plants, Food	1279	FAT (OBESE)	2
Both_75	fat	152	Vegetable/Food	Plants, Food	2449	FAT (OF MEAT AND FOOD)	2
Both_75	fat	152	Vegetable/Food	Plants, Food	2555	OIL (FROM PLANTS)	2
Both_75	fat	152	Vegetable/Food	Plants, Food	1282	FAT (FROM ANIMALS)	2
Both_75	fat	152	Vegetable/Food	Plants, Food	323	FAT (ORGANIC SUBSTANCE)	2
Both_75	fat	152	Vegetable/Food	Plants, Food	1688	FATE	2
#>>>							
Both_76	flower	153	Vegetable/Food	Plants, Food	239	FLOWER	2
Both_77	fruit	154	Vegetable/Food	Plants, Food	1507	FRUIT	2
Both_78	garlic	155	Vegetable/Food	Plants, Food	2368	GARLIC	2
Both_79	grass	156	Vegetable/Food	Plants, Food	606	GRASS	2
#<<<							
Both_80	leaf	158	Vegetable/Food	Plants, Food	2250	LEAF (LEAFLIKE OBJECT)	2
Both_80	leaf	158	Vegetable/Food	Plants, Food	628	LEAF	2
#>>>							
Both_81	medicine	159	Vegetable/Food	Plants, Food	1372	MEDICINE	2
Both_82	mushroom	161	Vegetable/Food	Plants, Food	641	MUSHROOM	2
Both_83	pumpkin	162	Vegetable/Food	Plants, Food	864	PUMPKIN	2
Both_84	sugarcane	170	Vegetable/Food	Plants, Food	146	SUGAR CANE	2
Both_85	taro	171	Vegetable/Food	Plants, Food	351	TARO	2
Both_86	thorn	172	Vegetable/Food	Plants, Food	124	THORN	2
Both_87	tree	174	Vegetable/Food	Plants, Food	906	TREE	2
Both_88	onion	180	Vegetable/Food	Plants, Food	2366	ONION	2
#<<<							
Both_89	name	183	Concepts	People	1405	NAME	2
Both_89	name	183	Concepts	People	180	CALL BY NAME	2
#>>>							
#<<<							
Both_90	day	186	Time	Time	1225	DAY (NOT NIGHT)	2
Both_90	day	186	Time	Time	1260	DAY (24 HOURS)	2
#>>>							
Both_91	moon	189	Time	Nature	1313	MOON	2
Both_92	morning	190	Time	Time	1339	MORNING	2
Both_93	night	191	Time	Time	1233	NIGHT	2
Both_94	year	192	Time	Time	1226	YEAR	2
#<<<							
Both_95	child	198	People	People	2099	CHILD	2
Both_95	child	198	People	People	1304	CHILD (YOUNG HUMAN)	2
Both_95	child	198	People	People	1801	CHILD (DESCENDANT)	2
#>>>							
Both_96	husband	208	People	People	1200	HUSBAND	2
#<<<							
Both_97	man	210	People	People	2106	MALE PERSON	2
Both_97	man	210	People	People	1554	MAN	2
#>>>							
Both_98	mother	213	People	People	1216	MOTHER	2
Both_99	widow	218	People	People	1756	WIDOW	2
Both_100	wife	219	People	People	1199	WIFE	2
Both_101	woman	220	People	People	962	WOMAN	2
Both_102	clothing	228	Apparel	Apparel	1895	CLOTHES	2
#<<<							
Both_103	comb	229	Apparel	Tools	1475	COMB	2
Both_103	comb	229	Apparel	Tools	188	COMB OF BIRD	2
Both_103	comb	229	Apparel	Tools	2070	COMB (VERB)	2
#>>>							
Both_104	needle	231	Apparel	Tools	1382	NEEDLE (FOR SEWING)	2
Both_105	trousers	236	Apparel	Apparel	809	TROUSERS	2
Both_106	axe	238	Tools	Tools	677	AXE	2
Both_107	bowl	243	Tools	Tools	1530	BOWL	2
Both_108	chopsticks	244	Tools	Tools	1987	CHOPSTICKS	2
Both_109	fire	245	Tools	Nature	221	FIRE	2
#<<<							
Both_110	hammer	248	Tools	Tools	3115	HAMMER (SOMETHING)	2
Both_110	hammer	248	Tools	Tools	3306	NAIL	2
Both_110	hammer	248	Tools	Tools	1481	HAMMER	2
#>>>							
Both_111	knife	251	Tools	Tools	1352	KNIFE	2
Both_112	ashes	262	Town	Nature	646	ASH	2
Both_113	blanket	264	Town	Home	806	BLANKET	2
Both_114	boat	265	Town	Town	1844	BOAT	2
Both_115	door	270	Town	Home	1567	DOOR	2
Both_116	house	274	Town	Home	1252	HOUSE	2
Both_117	mat	275	Town	Home	195	MAT	2
Both_118	pillow	277	Town	Home	1044	PILLOW	2
Both_119	village	282	Town	Town	930	VILLAGE	2
Both_120	white	285	Description	Description	1335	WHITE	2
Both_121	right side	298	Description	Description	1019	RIGHT	2
#<<<							
Both_122	red	299	Description	Description	156	RED	2
Both_122	red	299	Description	Description	388	FISHNET	2
#>>>							
Both_123	green	314	Description	Description	1425	GREEN	2
#<<<							
Both_124	cool	323	Description	Description	3068	COOL DOWN	2
Both_124	cool	323	Description	Description	2483	COLD (OF WEATHER)	2
#>>>							
Both_125	black	326	Description	Description	163	BLACK	2
Both_126	yellow	332	Description	Description	1424	YELLOW	2
Both_127	to walk	335	Verbs	Verbs	1443	WALK	1
Both_128	to wait	336	Verbs	Verbs	1590	WAIT (FOR)	1
Both_129	to tell	337	Verbs	Verbs	1711	TELL	1
Both_130	to swim	340	Verbs	Verbs	1439	SWIM	1
Both_131	to stir	342	Verbs	Verbs	696	STIR	1
Both_132	to steam	343	Verbs	Verbs	2067	STEAM (VERB)	1
Both_133	to steal	344	Verbs	Verbs	713	STEAL	1
Both_134	to stand	345	Verbs	Verbs	1442	STAND	1
Both_135	to smoke	347	Verbs	Verbs	1689	SMOKE (INHALE)	1
Both_136	to sleep	349	Verbs	Verbs	1585	SLEEP	1
#<<<							
Both_137	to sit	351	Verbs	Verbs	1649	SIT DOWN	1
Both_137	to sit	351	Verbs	Verbs	1416	SIT	1
#>>>							
Both_138	to sell	353	Verbs	Verbs	1571	SELL	1
Both_139	to see	354	Verbs	Verbs	1409	SEE	1
Both_140	to roast	358	Verbs	Verbs	1962	ROAST (SOMETHING)	1
Both_141	to return	361	Verbs	Verbs	581	COME BACK	1
Both_142	to pull	365	Verbs	Verbs	1455	PULL	1
#<<<							
Both_143	to know	372	Verbs	Verbs	3626	KNOW	1
Both_143	to know	372	Verbs	Verbs	1410	KNOW (SOMETHING)	1
#>>>							
#<<<							
Both_144	to hear	376	Verbs	Verbs	1408	HEAR	1
Both_144	to hear	376	Verbs	Verbs	1608	LISTEN	1
#>>>							
Both_145	to give	378	Verbs	Verbs	1447	GIVE	1
Both_146	to forget	381	Verbs	Verbs	1523	FORGET	1
Both_147	to fly	382	Verbs	Verbs	1441	FLY (MOVE THROUGH AIR)	1
Both_148	to fly	382	Verbs	Verbs	1441	FLY (MOVE THROUGH AIR)	1
Both_149	to eat	386	Verbs	Verbs	1336	EAT	1
Both_150	to drink	388	Verbs	Verbs	1401	DRINK	1
Both_151	to dip	391	Verbs	Verbs	3697	DIP	1
Both_152	to die	392	Verbs	Verbs	1494	DIE	1
Both_153	to come	397	Verbs	Verbs	1446	COME	1
Both_154	to buy	401	Verbs	Verbs	1869	BUY	1
#<<<							
Both_155	to blow	402	Verbs	Verbs	175	BLOW (OF WIND)	1
Both_155	to blow	402	Verbs	Verbs	176	BLOW (WITH MOUTH)	1
#>>>							
Both_156	to bite	403	Verbs	Verbs	1403	BITE	1
Both_157	to answer	409	Verbs	Verbs	1275	ANSWER	1
Both_158	they	413	Pronouns	People	817	THEY	2
Vietnam_1	ant	1	Animals	Animals	587	ANT	2
Vietnam_2	bat	2	Animals	Animals	1793	BAT	2
Vietnam_3	caterpillar	8	Animals	Animals	2247	CATERPILLAR	2
Vietnam_4	centipede	9	Animals	Animals	1974	CENTIPEDE	2
Vietnam_5	chicken cock	10	Animals	Animals		???	
Vietnam_6	chicken hen	11	Animals	Animals		???	
#<<<							
Vietnam_7	cow/ox	13	Animals	Animals	1169	OX	4
Vietnam_7	cow/ox	13	Animals	Animals	1153	CATTLE	4
Vietnam_7	cow/ox	13	Animals	Animals	2168	COW (CLASSIFIER)	4
Vietnam_7	cow/ox	13	Animals	Animals	1007	COW	4
Vietnam_7	cow/ox	13	Animals	Animals	3044	BOVINE	4
#>>>							
Vietnam_8	crab	14	Animals	Animals	2348	CRAB	2
Vietnam_9	cricket	15	Animals	Animals	2354	CRICKET	2
#<<<							
Vietnam_10	crow	16	Animals	Animals	913	CROW	2
Vietnam_10	crow	16	Animals	Animals	2074	CROW (VERB)	2
#>>>							
Vietnam_11	barking deer	17	Animals	Animals	3152	MUNTJACS	2
Vietnam_12	sambar deer	18	Animals	Animals		???	
Vietnam_13	dragon	20	Animals	Animals	2038	DRAGON	2
Vietnam_14	dragon fly	21	Animals	Animals		???	
Vietnam_15	duck1	22	Animals	Animals		???	
Vietnam_16	duck2	23	Animals	Animals		???	
Vietnam_17	eagle	24	Animals	Animals	1905	EAGLE	2
Vietnam_18	flea	26	Animals	Animals	232	FLEA	2
#<<<							
Vietnam_19	goat	29	Animals	Animals	1502	GOAT	2
Vietnam_19	goat	29	Animals	Animals	2684	CAPRINE (GOAT OR SHEEP)	2
#>>>							
Vietnam_20	grasshopper	30	Animals	Animals	607	GRASSHOPPER	2
Vietnam_21	horse	31	Animals	Animals	615	HORSE	2
Vietnam_22	insect	32	Animals	Animals	620	INSECT	2
#<<<							
Vietnam_23	leech, dry	33	Animals	Animals	2273	LEECH	4
Vietnam_23	leech, dry	33	Animals	Animals	949	WATER LEECH	4
Vietnam_23	leech, dry	33	Animals	Animals	3364	DRY IN SUN	4
Vietnam_23	leech, dry	33	Animals	Animals	1786	DRY UP	4
Vietnam_23	leech, dry	33	Animals	Animals	1398	DRY	4
#>>>							
#<<<							
Vietnam_24	leech, wet	34	Animals	Animals	2273	LEECH	4
Vietnam_24	leech, wet	34	Animals	Animals	949	WATER LEECH	4
Vietnam_24	leech, wet	34	Animals	Animals	1726	WET	4
Vietnam_24	leech, wet	34	Animals	Animals	3435	COW DUNG	4
Vietnam_24	leech, wet	34	Animals	Animals	28	MOISTEN	4
#>>>							
Vietnam_25	lizard	35	Animals	Animals	632	LIZARD	2
#<<<							
Vietnam_26	louse, head	36	Animals	Animals	1392	LOUSE	4
Vietnam_26	louse, head	36	Animals	Animals	310	HEAD LOUSE	4
Vietnam_26	louse, head	36	Animals	Animals	1256	HEAD	4
Vietnam_26	louse, head	36	Animals	Animals	2280	LOUSE OR NIT	4
#>>>							
Vietnam_27	bore	40	Animals	Animals	1501	BORE	2
Vietnam_28	piglet	41	Animals	Animals	2564	PIGLET	2
Vietnam_29	pig sow	42	Animals	Animals		???	
#<<<							
Vietnam_30	rat	43	Animals	Animals	1491	MOUSE	2
Vietnam_30	rat	43	Animals	Animals	1490	RAT	2
#>>>							
Vietnam_31	shrimp	44	Animals	Animals	2349	SHRIMP	2
Vietnam_32	sparrow	47	Animals	Animals	1854	SPARROW	2
Vietnam_33	wasp	51	Animals	Animals	1517	WASP	2
Vietnam_34	weasel	52	Animals	Animals	3384	WEASEL	4
Vietnam_35	goose	54	Animals	Animals	1187	GOOSE	2
Vietnam_36	pangolin	55	Animals	Animals	2508	PANGOLIN	2
Vietnam_37	arm	56	Body	Body	1673	ARM	2
Vietnam_38	belly	59	Body	Body	1251	BELLY	2
Vietnam_39	body	61	Body	Body	1480	BODY	2
Vietnam_40	butt	64	Body	Body	834	BUTTOCKS	2
Vietnam_41	chest	65	Body	Body	1592	CHEST	2
Vietnam_42	cockcmbi	66	Body	Body		???	
Vietnam_43	corpse	67	Body	Body	767	CORPSE	2
Vietnam_44	ears	68	Body	Body	1247	EAR	2
Vietnam_45	eyebrows	71	Body	Body	1173	EYEBROW	4
#<<<							
Vietnam_46	foot (surface)	76	Body	Body	2782	FOOT (MEASURE)	4
Vietnam_46	foot (surface)	76	Body	Body	2688	FOOT (UNIT)	4
Vietnam_46	foot (surface)	76	Body	Body	2098	FOOT OR LEG	4
Vietnam_46	foot (surface)	76	Body	Body	2450	FOOT OR WALK	4
Vietnam_46	foot (surface)	76	Body	Body	1301	FOOT	4
#>>>							
Vietnam_47	hair of body	77	Body	Body		???	
Vietnam_48	hair of body2	78	Body	Body		???	
Vietnam_49	hair of head	79	Body	Body	2648	HAIR (HEAD)	2
Vietnam_50	hip	83	Body	Body	1745	HIP	2
Vietnam_51	hoof	84	Body	Animals, Body	152	HOOF	2
Vietnam_52	intestine	86	Body	Body	1991	INTESTINES	2
Vietnam_53	mucus	92	Body	Body	208	NASAL MUCUS (SNOT)	2
Vietnam_54	neck	93	Body	Body	1333	NECK	2
#<<<							
Vietnam_55	nest	94	Body	Body	539	NEST	2
Vietnam_55	nest	94	Body	Body	3549	BIRD NEST	2
#>>>							
Vietnam_56	ribs	97	Body	Body	801	RIB	2
Vietnam_57	shoulder	99	Body	Body	1482	SHOULDER	2
Vietnam_58	tears	102	Body	Body	1651	TEAR (OF EYE)	2
Vietnam_59	toe	104	Body	Body	1389	TOE	2
#<<<							
Vietnam_60	tusk	106	Body	Body	3280	TUSK	2
Vietnam_60	tusk	106	Body	Body	2495	ELEPHANT TUSK	2
#>>>							
#<<<							
Vietnam_61	boil/ulcer	107	Body	Body	1100	COOK (SOMETHING)	4
Vietnam_61	boil/ulcer	107	Body	Body	1809	PIMPLE	4
Vietnam_61	boil/ulcer	107	Body	Body	792	BOIL (OF LIQUID)	4
Vietnam_61	boil/ulcer	107	Body	Body	793	BOIL (OF SKIN)	4
Vietnam_61	boil/ulcer	107	Body	Body	2492	BOIL (SOMETHING)	4
Vietnam_61	boil/ulcer	107	Body	Body	2493	BOIL	4
Vietnam_61	boil/ulcer	107	Body	Body	1189	ULCER	4
Vietnam_61	boil/ulcer	107	Body	Body	51	SORE	4
#>>>							
Vietnam_62	waist	109	Body	Body	1681	WAIST	2
Vietnam_63	bank river	113	Nature	Nature		???	
Vietnam_64	copper	117	Nature	Nature	1825	COPPER	2
Vietnam_65	ditch	118	Nature	Nature	2002	DITCH	2
#<<<							
Vietnam_66	earth	119	Nature	Nature	1228	EARTH (SOIL)	2
Vietnam_66	earth	119	Nature	Nature	626	LAND	2
Vietnam_66	earth	119	Nature	Nature	2159	GROUND	2
Vietnam_66	earth	119	Nature	Nature	965	WORLD	2
#>>>							
Vietnam_67	fog	120	Nature	Nature	249	FOG	2
Vietnam_68	lightening	124	Nature	Nature	1654	LIGHTNING	2
Vietnam_69	pond	127	Nature	Nature	2035	POND	2
Vietnam_70	sunshine	136	Nature	Nature	3276	SUNSHINE	2
Vietnam_71	(corrupt file)	140	Nature	Nature		???	
Vietnam_72	banana flower	142	Vegetable/Food	Plants, Food		???	
Vietnam_73	banana leaf	143	Vegetable/Food	Plants, Food		???	
Vietnam_74	cabbage	145	Vegetable/Food	Plants, Food	774	CABBAGE	2
Vietnam_75	chili pepper	146	Vegetable/Food	Plants, Food	919	CHILI PEPPER	2
Vietnam_76	cogongrass	147	Vegetable/Food	Plants, Food		???	
#<<<							
Vietnam_77	corn	148	Vegetable/Food	Plants, Food	605	GRAIN	2
Vietnam_77	corn	148	Vegetable/Food	Plants, Food	506	MAIZE	2
#>>>							
Vietnam_78	cotton	149	Vegetable/Food	Plants, Food	1850	COTTON	2
Vietnam_79	indigo	157	Vegetable/Food	Plants, Food		???	
Vietnam_80	melon	160	Vegetable/Food	Plants, Food	507	MELON	2
Vietnam_81	rice	163	Vegetable/Food	Plants, Food	926	RICE	2
Vietnam_82	rice glutinous	164	Vegetable/Food	Plants, Food		???	
Vietnam_83	rice grilled	165	Vegetable/Food	Plants, Food		???	
Vietnam_84	porridge	166	Vegetable/Food	Plants, Food	2049	CONGEE	2
Vietnam_85	ricedgi.wav	167	Vegetable/Food	Plants, Food		???	
Vietnam_86	rice spike	168	Vegetable/Food	Plants, Food		???	
Vietnam_87	soup	169	Vegetable/Food	Plants, Food	1547	SOUP	2
Vietnam_88	tobacco	173	Vegetable/Food	Plants, Food	974	TOBACCO	2
Vietnam_89	tree trunk	175	Vegetable/Food	Plants, Food	344	TREE TRUNK	2
Vietnam_90	vegetable	176	Vegetable/Food	Plants, Food	924	VEGETABLES	2
#<<<							
Vietnam_91	wine/alcohol	177	Vegetable/Food	Plants, Food	2050	ALCOHOL (DRINK)	4
Vietnam_91	wine/alcohol	177	Vegetable/Food	Plants, Food	1524	WINE	4
Vietnam_91	wine/alcohol	177	Vegetable/Food	Plants, Food	404	ALCOHOL (FERMENTED DRINK)	4
#>>>							
Vietnam_92	moss	178	Vegetable/Food	Plants, Food	637	MOSS	2
Vietnam_93	mustards	179	Vegetable/Food	Plants, Food	3181	MUSTARD	4
Vietnam_94	pomelo	181	Vegetable/Food	Plants, Food		???	
#<<<							
Vietnam_95	dream	182	Concepts	Concepts	2374	DREAM	2
Vietnam_95	dream	182	Concepts	Concepts	2455	DREAMING OR DREAM	2
Vietnam_95	dream	182	Concepts	Concepts	1920	DREAM (SOMETHING)	2
#>>>							
Vietnam_96	price	184	Concepts	Concepts	657	PRICE	2
Vietnam_97	afternoon	185	Time	Time	1807	AFTERNOON	2
Vietnam_98	evening	187	Time	Time	1629	EVENING	2
Vietnam_99	midday	188	Time	Time	12	MIDDAY	2
Vietnam_100	new year	193	Time	Time		???	
Vietnam_101	ancestor	194	People	People	1669	ANCESTORS	2
Vietnam_102	bride	195	People	People	1266	BRIDE	2
Vietnam_103	o. brother	196	People	People		???	
Vietnam_104	y. brother	197	People	People		???	
Vietnam_105	daughter	199	People	People	1357	DAUGHTER	2
Vietnam_106	descendant	200	People	People	490	DESCENDANTS	2
Vietnam_107	father’s older brother	201	People	People		???	
Vietnam_108	father’s younger brother	202	People	People		???	
Vietnam_109	grandfather	203	People	People	1383	GRANDFATHER	2
Vietnam_110	grandmother	204	People	People	1496	GRANDMOTHER	2
Vietnam_111	groom	205	People	People	3282	GROOM	2
Vietnam_112	guest	206	People	People	1782	GUEST	2
#<<<							
Vietnam_113	host, owner	207	People	People	1036	OWNER	4
Vietnam_113	host, owner	207	People	People	1545	HOST	4
#>>>							
Vietnam_114	lover	209	People	People		???	
Vietnam_115	mother’s brother	211	People	People		???	
Vietnam_116	mother’s mother	212	People	People		???	
Vietnam_117	mother’s sister	214	People	People		???	
Vietnam_118	o. sister	215	People	People		???	
Vietnam_119	y. sister	216	People	People		???	
Vietnam_120	son	217	People	People	1620	SON	2
Vietnam_121	artisan	221	People	People		???	
Vietnam_122	daughter-in-law	222	People	People	1057	DAUGHTER-IN-LAW	2
Vietnam_123	nung	223	People	People		???	
Vietnam_124	widower	224	People	People	1981	WIDOWER	2
Vietnam_125	blouse	225	Apparel	Apparel		???	
Vietnam_126	bracelet	226	Apparel	Apparel	1754	BRACELET	2
Vietnam_127	cloth	227	Apparel	Apparel	1616	CLOTH	2
Vietnam_128	earring	230	Apparel	Apparel	770	EARRING	2
#<<<							
Vietnam_129	ring	232	Apparel	Apparel	1374	RING	2
Vietnam_129	ring	232	Apparel	Apparel	2875	RING (MAKE SOUND)	2
#>>>							
Vietnam_130	shirt/tunic	233	Apparel	Apparel	1622	SHIRT	4
Vietnam_131	skirt	234	Apparel	Apparel	1600	SKIRT	2
Vietnam_132	thread	235	Apparel	Apparel	1161	THREAD	2
Vietnam_133	awl	237	Tools	Tools	278	AWL	2
Vietnam_134	bag	239	Tools	Tools	2468	BAG	2
Vietnam_135	basket i	240	Tools	Tools		???	
Vietnam_136	basket ri	241	Tools	Tools		???	
Vietnam_137	basket wi	242	Tools	Tools		???	
Vietnam_138	fire tongs	246	Tools	Tools	272	TONGS	2
Vietnam_139	fishnet	247	Tools	Tools	388	FISHNET	2
Vietnam_140	harrow	249	Tools	Tools	2545	HARROW (TOOL)	4
Vietnam_141	hoe	250	Tools	Tools	284	HOE	2
Vietnam_142	masher	252	Tools	Tools		???	
Vietnam_143	plane	253	Tools	Tools	1597	AIRPLANE	2
#<<<							
Vietnam_144	plow	254	Tools	Tools	2154	PLOUGH (INSTRUMENT)	2
Vietnam_144	plow	254	Tools	Tools	1921	PLOUGH	2
#>>>							
Vietnam_145	carrying pole	255	Tools	Tools		???	
Vietnam_146	rope	256	Tools	Tools	1218	ROPE	2
Vietnam_147	sickle	257	Tools	Tools	341	SICKLE	2
Vietnam_148	anvil	258	Tools	Tools	1648	ANVIL	2
Vietnam_149	chisel	259	Tools	Tools	1979	CHISEL	2
Vietnam_150	peg	260	Tools	Tools	361	PEG	2
Vietnam_151	pot	261	Tools	Tools	1462	POT	2
Vietnam_152	bed	263	Town	Home	1663	BED	2
Vietnam_153	bridge	266	Town	Town	1011	BRIDGE	2
Vietnam_154	charcoal	267	Town	Nature	1188	CHARCOAL	2
Vietnam_155	coop	268	Town	Tools		???	
Vietnam_156	dock, boat	269	Town	Town	1844	BOAT	4
Vietnam_157	firewood	271	Town	Tools	10	FIREWOOD	2
Vietnam_158	garden	272	Town	Home	586	GARDEN	2
Vietnam_159	grave	273	Town	Town	1773	GRAVE	2
Vietnam_160	paddy	276	Town	Town	140	PADDY FIELD	2
Vietnam_161	plot dry	278	Town	Town		???	
Vietnam_162	wet field	279	Town	Town	140	PADDY FIELD	2
#<<<							
Vietnam_163	road	280	Town	Town	2457	PATH OR ROAD	2
Vietnam_163	road	280	Town	Town	667	ROAD	2
#>>>							
#<<<							
Vietnam_164	stairs/ladder	281	Town	Home	2689	LADDER OR STAIRS	4
Vietnam_164	stairs/ladder	281	Town	Home	1464	LADDER	4
Vietnam_164	stairs/ladder	281	Town	Home	34	STAIRS	4
#>>>							
#<<<							
Vietnam_165	well (water)	283	Town	Town	954	WELL	4
Vietnam_165	well (water)	283	Town	Town	1364	HEALTHY	4
Vietnam_165	well (water)	283	Town	Town	1035	GOOD	4
Vietnam_165	well (water)	283	Town	Town	2144	SPRING OR WELL	4
Vietnam_165	well (water)	283	Town	Town	1606	INSIDE	4
#>>>							
#<<<							
Vietnam_166	wide	284	Description	Description	1243	WIDE	2
Vietnam_166	wide	284	Description	Description	1244	THICK	2
#>>>							
Vietnam_167	wet	286	Description	Description	1726	WET	2
Vietnam_168	sweet	287	Description	Description	717	SWEET	2
#<<<							
Vietnam_169	sticky	288	Description	Description	3703	STICKY	4
Vietnam_169	sticky	288	Description	Description	254	STICKING	4
#>>>							
Vietnam_170	spicy	289	Description	Description	544	SPICY	2
Vietnam_171	sour	290	Description	Description	1906	SOUR	2
Vietnam_172	soft	291	Description	Description	1856	SOFT	2
Vietnam_173	smelly	292	Description	Description	42	STINKING	2
Vietnam_174	slick	293	Description	Description		???	
Vietnam_175	short	294	Description	Description	1645	SHORT	2
Vietnam_176	salty	295	Description	Description	1091	SALTY	2
Vietnam_177	rotten	296	Description	Description	1728	ROTTEN	2
Vietnam_178	ripe	297	Description	Description	178	RIPE	2
Vietnam_179	raw	300	Description	Description	1959	RAW	2
#<<<							
Vietnam_180	old	301	Description	Description	2112	OLD (AGED)	2
Vietnam_180	old	301	Description	Description	406	OLD MAN	2
Vietnam_180	old	301	Description	Description	1229	OLD	2
Vietnam_180	old	301	Description	Description	2113	OLD (USED)	2
#>>>							
Vietnam_181	new	302	Description	Description	1231	NEW	2
Vietnam_182	near	303	Description	Description	1942	NEAR	2
Vietnam_183	narrow	304	Description	Description	1267	NARROW	2
#<<<							
Vietnam_184	low	305	Description	Description	721	LOW	2
Vietnam_184	low	305	Description	Description	3348	LOW (POSITION OR HEIGHT)	2
Vietnam_184	low	305	Description	Description	2191	LOW (HEIGHT)	2
#>>>							
Vietnam_185	light weight	306	Description	Description		???	
#<<<							
Vietnam_186	left	307	Description	Description	244	LEFT	2
Vietnam_186	left	307	Description	Description	2182	LEFT HAND	2
Vietnam_186	left	307	Description	Description	1752	LEAVE	2
#>>>							
#<<<							
Vietnam_187	late	308	Description	Description	477	LATE	2
Vietnam_187	late	308	Description	Description	425	BE LATE	2
#>>>							
Vietnam_188	inside	309	Description	Description	1606	INSIDE	2
#<<<							
Vietnam_189	hot	310	Description	Description	2272	HOT OR WARM	2
Vietnam_189	hot	310	Description	Description	1286	HOT	2
#>>>							
#<<<							
Vietnam_190	high	311	Description	Description	1265	HIGH	2
Vietnam_190	high	311	Description	Description	2790	HIGH OR TALL	2
Vietnam_190	high	311	Description	Description	3347	HIGH OR UP	2
#>>>							
Vietnam_191	heavy	312	Description	Description	1210	HEAVY	2
Vietnam_192	hard	313	Description	Description	1884	HARD	2
Vietnam_193	good	315	Description	Description	1035	GOOD	2
Vietnam_194	full	316	Description	Description	1429	FULL	2
Vietnam_195	fragrant	317	Description	Description	376	FRAGRANT	2
Vietnam_196	fishy	318	Description	Description		???	
Vietnam_197	far	319	Description	Description	1406	FAR	2
Vietnam_198	early	320	Description	Description	672	EARLY	2
#<<<							
Vietnam_199	dry	321	Description	Description	1398	DRY	2
Vietnam_199	dry	321	Description	Description	1786	DRY UP	2
#>>>							
Vietnam_200	dead	322	Description	Description	1625	DEAD	2
#<<<							
Vietnam_201	cold	324	Description	Description	2483	COLD (OF WEATHER)	2
Vietnam_201	cold	324	Description	Description	1287	COLD	2
Vietnam_201	cold	324	Description	Description	102	COMMON COLD (DISEASE)	2
#>>>							
Vietnam_202	blind	325	Description	Description	1653	BLIND	2
Vietnam_203	bitter	327	Description	Description	887	BITTER	2
#<<<							
Vietnam_204	below	328	Description	Description	1485	BELOW OR UNDER	2
Vietnam_204	below	328	Description	Description	721	LOW	2
#>>>							
Vietnam_205	bad	329	Description	Description	1292	BAD	2
Vietnam_206	alive	330	Description	Description	1422	BE ALIVE	2
#<<<							
Vietnam_207	above	331	Description	Description	1741	ABOVE	2
Vietnam_207	above	331	Description	Description	1265	HIGH	2
#>>>							
Vietnam_208	to wash	333	Verbs	Verbs	1453	WASH	1
Vietnam_209	to write	334	Verbs	Verbs	1672	WRITE	1
Vietnam_210	to tear	338	Verbs	Verbs	1735	TEAR (SHRED)	1
Vietnam_211	to talk	339	Verbs	Verbs	2708	TALK	1
Vietnam_212	to stoke	341	Verbs	Verbs		???	
Vietnam_213	to soak	346	Verbs	Verbs	2069	SOAK (VERB)	1
#<<<							
Vietnam_214	to smell	348	Verbs	Verbs	1586	SMELL (PERCEIVE)	1
Vietnam_214	to smell	348	Verbs	Verbs	2124	SMELL	1
#>>>							
Vietnam_215	to slash	350	Verbs	Verbs		???	
Vietnam_216	to set trap	352	Verbs	Verbs		???	
Vietnam_217	to scrape	355	Verbs	Verbs	1767	SCRAPE	1
Vietnam_218	to scold	356	Verbs	Verbs	299	SCOLD	1
Vietnam_219	to run	357	Verbs	Verbs	1519	RUN	1
Vietnam_220	to roar	359	Verbs	Verbs	2876	ROAR (OF SEA)	3
Vietnam_221	to ride horse	360	Verbs	Verbs		???	
Vietnam_222	to rest	362	Verbs	Verbs	168	REST	1
Vietnam_223	to remember	363	Verbs	Verbs	707	REMEMBER	1
Vietnam_224	to pull gr	364	Verbs	Verbs		???	
Vietnam_225	to pat	366	Verbs	Verbs		???	
Vietnam_226	to open mr	367	Verbs	Verbs		???	
Vietnam_227	to mow	368	Verbs	Verbs	190	MOW	1
Vietnam_228	to marry w	369	Verbs	Verbs		???	
Vietnam_229	to marry d	370	Verbs	Verbs		???	
Vietnam_230	to like	371	Verbs	Verbs	1117	LIKE	1
Vietnam_231	to kill	373	Verbs	Verbs	1417	KILL	1
Vietnam_232	to hone kn	374	Verbs	Verbs		???	
#<<<							
Vietnam_233	to hide	375	Verbs	Verbs	2486	HIDE	1
Vietnam_233	to hide	375	Verbs	Verbs	602	HIDE (CONCEAL)	1
#>>>							
Vietnam_234	to go	377	Verbs	Verbs	695	GO	1
Vietnam_235	to give birth	379	Verbs	Verbs	1195	GIVE BIRTH	1
#<<<							
Vietnam_236	to fry	380	Verbs	Verbs	991	FRY	1
Vietnam_236	to fry	380	Verbs	Verbs	2162	STIR FRY	1
#>>>							
Vietnam_237	to fear	383	Verbs	Verbs	1419	FEAR (BE AFRAID)	1
Vietnam_238	to fall down	384	Verbs	Verbs	1280	FALL	1
Vietnam_239	to explode	385	Verbs	Verbs		???	
Vietnam_240	to sun dry	387	Verbs	Verbs		???	
Vietnam_241	to draw water	389	Verbs	Verbs	1911	DRAW (WATER)	1
Vietnam_242	to drain	390	Verbs	Verbs		???	
#<<<							
Vietnam_243	to cut w/ scissors	393	Verbs	Verbs	356	SHEARS	4
Vietnam_243	to cut w/ scissors	393	Verbs	Verbs	1328	SCISSORS	4
#>>>							
#<<<							
Vietnam_244	to cut w/ knife	394	Verbs	Verbs	1352	KNIFE	4
Vietnam_244	to cut w/ knife	394	Verbs	Verbs	2082	KNIFE (CLASSIFIER)	4
Vietnam_244	to cut w/ knife	394	Verbs	Verbs	3210	KNIFE (FOR EATING)	4
Vietnam_244	to cut w/ knife	394	Verbs	Verbs	1254	HANDLE	4
#>>>							
Vietnam_245	to crow	395	Verbs	Verbs	2074	CROW (VERB)	3
Vietnam_246	to cook	396	Verbs	Verbs	1100	COOK (SOMETHING)	1
Vietnam_247	to chew	398	Verbs	Verbs	321	CHEW	1
Vietnam_248	to chase	399	Verbs	Verbs	1047	PURSUE	1
Vietnam_249	to carry	400	Verbs	Verbs	700	CARRY	1
Vietnam_250	to be able	404	Verbs	Verbs	972	BE ABLE	1
Vietnam_251	to bathe	405	Verbs	Verbs	138	BATHE	1
Vietnam_252	to dark	406	Verbs	Verbs	706	DARK	3
Vietnam_253	to arrive	407	Verbs	Verbs	1387	ARRIVE	1
Vietnam_254	to arise	408	Verbs	Verbs		???	
Vietnam_255	to accept	410	Pronouns	Verbs	694	GET	4
Vietnam_256	you (sg)	411	Pronouns	People	1215	THOU	2
#<<<							
Vietnam_257	we	412	Pronouns	People	1212	WE	2
Vietnam_257	we	412	Pronouns	People	1131	WE (INCLUSIVE)	2
Vietnam_257	we	412	Pronouns	People	1130	WE (EXCLUSIVE)	2
#>>>							
#<<<							
Vietnam_258	many	414	Pronouns	Numbers	1198	MANY	2
Vietnam_258	many	414	Pronouns	Numbers	3453	MANY PIECES	2
#>>>							
Vietnam_259	I	415	Pronouns	People	1209	I	2
#<<<							
Vietnam_260	he	416	Pronouns	People	1211	HE	2
Vietnam_260	he	416	Pronouns	People	2642	HE OR SHE	2
#>>>							
Vietnam_261	you (pl)	417	Pronouns	People	1213	YOU	2
Vietnam_262	1	418	Numbers	Numbers	1493	ONE	2
Vietnam_263	2	419	Numbers	Numbers	1498	TWO	2
Vietnam_264	3	420	Numbers	Numbers	492	THREE	2
Vietnam_265	4	421	Numbers	Numbers	1500	FOUR	2
Vietnam_266	5	422	Numbers	Numbers	493	FIVE	2
Vietnam_267	6	423	Numbers	Numbers	1703	SIX	2
Vietnam_268	7	424	Numbers	Numbers	1704	SEVEN	2
Vietnam_269	8	425	Numbers	Numbers	1705	EIGHT	2
Vietnam_270	9	426	Numbers	Numbers	1483	NINE	2
Vietnam_271	10	427	Numbers	Numbers	1515	TEN	2
Vietnam_272	11	428	Numbers	Numbers	1706	ELEVEN	2
Vietnam_273	12	429	Numbers	Numbers	1707	TWELVE	2
Vietnam_274	13	430	Numbers	Numbers	1708	THIRTEEN	2
Vietnam_275	14	431	Numbers	Numbers	2451	FOURTEEN	2
Vietnam_276	15	432	Numbers	Numbers	1709	FIFTEEN	2
Vietnam_277	16	433	Numbers	Numbers	2454	SIXTEEN	2
Vietnam_278	17	434	Numbers	Numbers	2453	SEVENTEEN	2
Vietnam_279	18	435	Numbers	Numbers	1713	EIGHTEEN	2
Vietnam_280	19	436	Numbers	Numbers	1714	NINETEEN	2
Vietnam_281	20	437	Numbers	Numbers	1710	TWENTY	2
Vietnam_282	21	438	Numbers	Numbers	1734	TWENTY ONE	2
Vietnam_283	100	439	Numbers	Numbers	1634	HUNDRED	2
Vietnam_284	1000	440	Numbers	Numbers	1843	THOUSAND	2
Laos_1	the sun rises	3	Nature	Nature		???	
Laos_2	the sun rises	4	Nature	Nature		???	
Laos_3	the sun sets	5	Nature	Nature		???	
Laos_4	the sun sets	6	Nature	Nature		???	
Laos_5	star	8	Nature	Nature	1430	STAR	2
#<<<							
Laos_6	light	9	Nature	Nature	630	LIGHT (RADIATION)	2
Laos_6	light	9	Nature	Nature	679	BRIGHT	2
Laos_6	light	9	Nature	Nature	737	LIGHT (IGNITE)	2
Laos_6	light	9	Nature	Nature	250	LIGHT (COLOR)	2
Laos_6	light	9	Nature	Nature	1052	LIGHT (WEIGHT)	2
#>>>							
#<<<							
Laos_7	shadow	10	Nature	Nature	1388	SHADE	2
Laos_7	shadow	10	Nature	Nature	2275	SHADOW	2
#>>>							
Laos_8	to twinkle	11	Nature	Verbs	2889	TWINKLE	1
Laos_9	bright	12	Nature	Nature	679	BRIGHT	2
Laos_10	dark	13	Nature	Nature	706	DARK	2
Laos_11	rainbow	16	Nature	Nature	1733	RAINBOW	2
Laos_12	lightning	17	Nature	Nature	1654	LIGHTNING	2
Laos_13	storm	20	Nature	Nature	858	STORM	2
#<<<							
Laos_14	snow	21	Nature	Nature	1255	SNOWING	2
Laos_14	snow	21	Nature	Nature	784	SNOW	2
#>>>							
Laos_15	to melt	22	Nature	Verbs	2334	MELT	1
#<<<							
Laos_16	hail	23	Nature	Nature	609	HAIL	2
Laos_16	hail	23	Nature	Nature	104	HAILING	2
#>>>							
Laos_17	weather	24	Nature	Nature	952	WEATHER	2
Laos_18	nice day, fine day	25	Nature	Time		???	
Laos_19	cloudy day	26	Nature	Nature	2743	CLOUDY DAY	4
Laos_20	drought	27	Nature	Nature	199	FAMINE	4
Laos_21	noon	31	Nature	Time	12	MIDDAY	2
Laos_22	yesterday	32	Nature	Time	1174	YESTERDAY	2
Laos_23	tomorrow	33	Nature	Time	1329	TOMORROW	2
Laos_24	east	35	Nature	Direction	1877	EAST	2
Laos_25	east	36	Nature	Direction	1877	EAST	2
Laos_26	west	37	Nature	Direction	1817	WEST	2
Laos_27	west	38	Nature	Direction	1817	WEST	2
Laos_28	north	39	Nature	Direction	1598	NORTH	2
Laos_29	north	40	Nature	Direction	1598	NORTH	2
Laos_30	south	41	Nature	Direction	1595	SOUTH	2
Laos_31	south	42	Nature	Direction	1595	SOUTH	2
Laos_32	horizon	43	Nature	Direction	2287	HORIZON	2
#<<<							
Laos_33	stream	46	Nature	Nature	2858	STREAM (FLOW CONTINUOUSLY)	2
Laos_33	stream	46	Nature	Nature	947	STREAM	2
#>>>							
Laos_34	sea	47	Nature	Nature	1474	SEA	2
Laos_35	earth, soil	48	Nature	Nature	1228	EARTH (SOIL)	2
Laos_36	dust	50	Nature	Nature	2	DUST	2
Laos_37	pebble	52	Nature	Nature		???	
Laos_38	steel	58	Nature	Nature	2343	STEEL	2
Laos_39	earthquake	61	Nature	Nature	6	EARTHQUAKE	2
Laos_40	swamp	62	Nature	Nature	1145	SWAMP	2
Laos_41	valley	64	Nature	Nature	921	VALLEY	2
Laos_42	hole	65	Nature	Nature	1667	HOLE	2
Laos_43	ice	66	Nature	Nature	617	ICE	2
Laos_44	to flow	67	Nature	Verbs	2003	FLOW	1
Laos_45	flood	68	Nature	Nature	613	HIGH TIDE	2
Laos_46	to float	69	Nature	Verbs	1574	FLOAT	1
Laos_47	to sink	70	Nature	Verbs	1088	SINK (DESCEND)	1
Laos_48	waterfall	71	Nature	Nature	943	WATERFALL	2
Laos_49	island	72	Nature	Nature	622	ISLAND	2
Laos_50	lake	73	Nature	Nature	624	LAKE	2
#<<<							
Laos_51	branch	76	Plants, Food	Plants, Food	3223	BRANCH OR TWIG	2
Laos_51	branch	76	Plants, Food	Plants, Food	1531	BRANCH	2
#>>>							
Laos_52	tree bark	77	Plants, Food	Plants, Food	1204	BARK	2
Laos_53	root	79	Plants, Food	Plants, Food	670	ROOT	2
Laos_54	seed	83	Plants, Food	Plants, Food	714	SEED	2
Laos_55	seed	84	Plants, Food	Plants, Food	714	SEED	2
Laos_56	bamboo	86	Plants, Food	Plants, Food	1927	BAMBOO	2
Laos_57	bamboo shoot	87	Plants, Food	Plants, Food	2494	BAMBOO SHOOT	2
Laos_58	bamboo pole	88	Plants, Food	Plants, Food		???	
Laos_59	coconut tree	89	Plants, Food	Plants, Food	147	COCONUT TREE	2
Laos_60	betelnut	92	Plants, Food	Plants, Food	217	BETELNUT	2
Laos_61	papaya	94	Plants, Food	Plants, Food	2445	PAPAYA	2
Laos_62	mango	95	Plants, Food	Plants, Food	2398	MANGO	2
Laos_63	coconut	96	Plants, Food	Plants, Food	970	COCONUT	2
Laos_64	pineapple	97	Plants, Food	Plants, Food	2440	PINEAPPLE	2
Laos_65	watermelon	98	Plants, Food	Plants, Food	2766	WATERMELON	2
Laos_66	apple	99	Plants, Food	Plants, Food	1320	APPLE	2
Laos_67	peanut	101	Plants, Food	Plants, Food	2364	PEANUT	2
Laos_68	ginger	102	Plants, Food	Plants, Food	2500	GINGER	2
Laos_69	rice husk	104	Plants, Food	Plants, Food	2501	RICE HUSK	2
Laos_70	sweet potato	105	Plants, Food	Plants, Food	159	SWEET POTATO	2
Laos_71	potato	106	Plants, Food	Plants, Food	593	POTATO	2
Laos_72	carrot	110	Plants, Food	Plants, Food	3085	CARROT	2
Laos_73	tomato	111	Plants, Food	Plants, Food	986	TOMATO	2
Laos_74	green bean	112	Plants, Food	Plants, Food		???	
Laos_75	sesame	113	Plants, Food	Plants, Food	2797	SESAME	2
Laos_76	sesame	114	Plants, Food	Plants, Food	2797	SESAME	2
Laos_77	soybean sprout	116	Plants, Food	Plants, Food		???	
Laos_78	ingredients	117	Plants, Food	Plants, Food		???	
#<<<							
Laos_79	oil	119	Plants, Food	Plants, Food	2556	OIL (HYDROPHOBIC LIQUID)	2
Laos_79	oil	119	Plants, Food	Plants, Food	1484	OIL (ORGANIC SUBSTANCE)	2
#>>>							
Laos_80	soy sauce	120	Plants, Food	Plants, Food		???	
Laos_81	sugar	121	Plants, Food	Plants, Food	862	SUGAR	2
Laos_82	white sugar	122	Plants, Food	Plants, Food	3441	WHITE SUGAR	4
Laos_83	spices	123	Plants, Food	Plants, Food		???	
Laos_84	black pepper	124	Plants, Food	Plants, Food		???	
Laos_85	boiling water	125	Plants, Food	Plants, Food		???	
Laos_86	tea	126	Plants, Food	Plants, Food	1373	TEA	2
Laos_87	wine	127	Plants, Food	Plants, Food	1524	WINE	2
Laos_88	cigarette	128	Plants, Food	Plants, Food	969	CIGARETTE	2
Laos_89	to cook (rice)	130	Plants, Food	Verbs	1100	COOK (SOMETHING)	1
Laos_90	to wash rice	131	Plants, Food	Verbs		???	
Laos_91	to cut into pieces	132	Plants, Food	Verbs		???	
Laos_92	to cut into slices	133	Plants, Food	Verbs		???	
#<<<							
Laos_93	to chop/mince	134	Plants, Food	Verbs	3082	MINCE (SOMETHING)	3
Laos_93	to chop/mince	134	Plants, Food	Verbs	155	CHOP	3
Laos_93	to chop/mince	134	Plants, Food	Verbs	2149	CHOP (INTO PIECES)	3
#>>>							
Laos_94	cutting board	135	Plants, Food	Plants, Food		???	
Laos_95	wood	136	Plants, Food	Plants, Food	1803	WOOD	2
Laos_96	frying pan	137	Plants, Food	Tools	31	PAN	2
Laos_97	to knead (a dough)	139	Plants, Food	Verbs	274	KNEAD	3
Laos_98	to pound (garlic)	140	Plants, Food	Verbs	354	POUND	3
Laos_99	to put in (ingredients)	141	Plants, Food	Verbs		???	
Laos_100	to pour over	142	Plants, Food	Verbs		???	
Laos_101	to squeeze	143	Plants, Food	Verbs	1414	SQUEEZE	1
Laos_102	to crack an egg	144	Plants, Food	Verbs		???	
#<<<							
Laos_103	to boil	145	Plants, Food	Verbs	2492	BOIL (SOMETHING)	1
Laos_103	to boil	145	Plants, Food	Verbs	2493	BOIL	1
Laos_103	to boil	145	Plants, Food	Verbs	792	BOIL (OF LIQUID)	1
#>>>							
Laos_104	to stir fry, to fry	146	Plants, Food	Verbs	2162	STIR FRY	3
#<<<							
Laos_105	to fry in fat/oil	147	Plants, Food	Verbs	2551	ORGANIC FAT OR OIL	4
Laos_105	to fry in fat/oil	147	Plants, Food	Verbs	2557	PIG FAT	4
Laos_105	to fry in fat/oil	147	Plants, Food	Verbs	2555	OIL (FROM PLANTS)	4
Laos_105	to fry in fat/oil	147	Plants, Food	Verbs	2556	OIL (HYDROPHOBIC LIQUID)	4
Laos_105	to fry in fat/oil	147	Plants, Food	Verbs	1484	OIL (ORGANIC SUBSTANCE)	4
#>>>							
Laos_106	to bake	150	Plants, Food	Verbs	183	BAKE	1
Laos_107	to taste	151	Plants, Food	Verbs	21	TASTE (SOMETHING)	1
Laos_108	to set the table	152	Plants, Food	Verbs		???	
Laos_109	cover	153	Plants, Food	Tools	761	COVER	2
#<<<							
Laos_110	dish	156	Plants, Food	Tools	481	DISH	2
Laos_110	dish	156	Plants, Food	Tools	3542	PREPARED FOOD	2
#>>>							
Laos_111	spoon	158	Plants, Food	Tools	1378	SPOON	2
Laos_112	bottle	159	Plants, Food	Tools	1321	BOTTLE	2
Laos_113	cup	160	Plants, Food	Tools	476	CUP	2
#<<<							
Laos_114	to grow	161	Plants, Food	Verbs	479	GROW	1
Laos_114	to grow	161	Plants, Food	Verbs	3461	GROW PLANTS	1
#>>>							
Laos_115	sprout	162	Plants, Food	Plants, Food	2076	SPROUT (VERB)	2
Laos_116	to sprout	163	Plants, Food	Verbs	2076	SPROUT (VERB)	3
Laos_117	tree shade	164	Plants, Food	Plants, Food		???	
Laos_118	petals of a flower	165	Plants, Food	Plants, Food		???	
Laos_119	to ripen	166	Plants, Food	Verbs	179	RIPEN	1
Laos_120	peel	167	Plants, Food	Plants, Food	275	PEEL	2
Laos_121	to wither	169	Plants, Food	Verbs	2907	ROT	4
Laos_122	to decay	170	Plants, Food	Verbs	2907	ROT	4
Laos_123	animal	171	Animals	Animals	619	ANIMAL	2
Laos_124	deer	174	Animals	Animals	1936	DEER	2
Laos_125	rabbit	176	Animals	Animals	1136	RABBIT	2
Laos_126	porcupine	177	Animals	Animals	2510	PORCUPINE	2
#<<<							
Laos_127	to bark	179	Animals	Verbs	1206	BARKING	1
Laos_127	to bark	179	Animals	Verbs	1204	BARK	1
#>>>							
#<<<							
Laos_128	cow	184	Animals	Animals	1007	COW	2
Laos_128	cow	184	Animals	Animals	3044	BOVINE	2
#>>>							
Laos_129	elephant	189	Animals	Animals	1290	ELEPHANT	2
#<<<							
Laos_130	bird's nest	191	Animals	Animals, Architecture	3549	BIRD NEST	2
Laos_130	bird's nest	191	Animals	Animals, Architecture	539	NEST	2
#>>>							
Laos_131	wing	192	Animals	Animals, Body	1257	WING	2
Laos_132	feather	193	Animals	Animals, Body	1201	FEATHER	2
Laos_133	duck	198	Animals	Animals	1360	DUCK	2
Laos_134	house lizard	201	Animals	Animals	632	LIZARD	2
Laos_135	crocodile	203	Animals	Animals	1857	CROCODILE	2
Laos_136	tadpole	205	Animals	Animals		???	
Laos_137	spider web	207	Animals	Animals, Architecture	1065	SPIDER WEB	2
Laos_138	louse (head)	208	Animals	Animals	310	HEAD LOUSE	2
Laos_139	louse (head)	209	Animals	Animals	310	HEAD LOUSE	2
Laos_140	termite	210	Animals	Animals	883	TERMITE	2
Laos_141	cockroach	211	Animals	Animals	1575	COCKROACH	2
Laos_142	butterfly	216	Animals	Animals	1791	BUTTERFLY	2
Laos_143	scorpion	217	Animals	Animals	1538	SCORPION	2
#<<<							
Laos_144	hair	222	Body	Body	1040	HAIR	2
Laos_144	hair	222	Body	Body	2381	FEATHER OR FUR OR HAIR	2
Laos_144	hair	222	Body	Body	2648	HAIR (HEAD)	2
#>>>							
Laos_145	forehead	223	Body	Body	123	FOREHEAD	2
Laos_146	eyebrow	224	Body	Body	1173	EYEBROW	2
Laos_147	eyelid	226	Body	Body	17	EYELID	2
Laos_148	cheek	228	Body	Body	1730	CHEEK	2
Laos_149	ear	229	Body	Body	1247	EAR	2
Laos_150	tooth	234	Body	Body	1380	TOOTH	2
Laos_151	gums	235	Body	Body	139	GUMS	2
Laos_152	intestines	243	Body	Body	1991	INTESTINES	2
Laos_153	elbow	245	Body	Body	981	ELBOW	2
Laos_154	armpit	246	Body	Body	1886	ARMPIT	2
#<<<							
Laos_155	palm	247	Body	Body	1183	PALM OF HAND	2
Laos_155	palm	247	Body	Body	1181	PALM TREE	2
#>>>							
Laos_156	buttocks	250	Body	Body	834	BUTTOCKS	2
Laos_157	knee	253	Body	Body	1371	KNEE	2
#<<<							
Laos_158	calf	254	Body	Body	498	CALF OF LEG	2
Laos_158	calf	254	Body	Body	1989	CALF	2
#>>>							
Laos_159	shin	255	Body	Body	186	SHIN	2
#<<<							
Laos_160	foot	256	Body	Body	2098	FOOT OR LEG	2
Laos_160	foot	256	Body	Body	1301	FOOT	2
#>>>							
Laos_161	rib	259	Body	Body	801	RIB	2
#<<<							
Laos_162	flesh	260	Body	Body	2259	FLESH	2
Laos_162	flesh	260	Body	Body	2615	FLESH OR MEAT	2
#>>>							
#<<<							
Laos_163	sweat	264	Body	Body	2458	PERSPIRE OR SWEAT	2
Laos_163	sweat	264	Body	Body	125	SWEAT (SUBSTANCE)	2
#>>>							
Laos_164	I (1s)	268	People	People	1209	I	2
Laos_165	thou (2s)	269	People	People	1215	THOU	2
Laos_166	he/she/it	270	People	People	262	HE OR SHE OR IT	2
Laos_167	he/she/it	271	People	People	262	HE OR SHE OR IT	2
Laos_168	we (1p)	272	People	People	1212	WE	2
Laos_169	you (2p)	273	People	People	1213	YOU	2
Laos_170	father	278	People	People	1217	FATHER	2
Laos_171	brother (elder of f)	284	People	People	2415	OLDER BROTHER (OF WOMAN)	2
Laos_172	brother (elder of m)	285	People	People	2414	OLDER BROTHER (OF MAN)	2
Laos_173	sister (elder of f)	286	People	People	2419	OLDER SISTER (OF WOMAN)	2
Laos_174	sister (elder of m)	287	People	People	2418	OLDER SISTER (OF MAN)	2
#<<<							
Laos_175	brother(younger of f)	288	People	People	1262	BROTHER	4
Laos_175	brother(younger of f)	288	People	People	2414	OLDER BROTHER (OF MAN)	4
Laos_175	brother(younger of f)	288	People	People	2415	OLDER BROTHER (OF WOMAN)	4
Laos_175	brother(younger of f)	288	People	People	1759	OLDER BROTHER	4
Laos_175	brother(younger of f)	288	People	People	2416	YOUNGER BROTHER (OF MAN)	4
Laos_175	brother(younger of f)	288	People	People	2417	YOUNGER BROTHER (OF WOMAN)	4
Laos_175	brother(younger of f)	288	People	People	1760	YOUNGER BROTHER	4
Laos_175	brother(younger of f)	288	People	People	559	BROTHER (OF MAN)	4
Laos_175	brother(younger of f)	288	People	People	560	BROTHER (OF WOMAN)	4
Laos_175	brother(younger of f)	288	People	People	1640	SIBLING	4
#>>>							
#<<<							
Laos_176	brother(younger of m)	289	People	People	1262	BROTHER	4
Laos_176	brother(younger of m)	289	People	People	2414	OLDER BROTHER (OF MAN)	4
Laos_176	brother(younger of m)	289	People	People	2415	OLDER BROTHER (OF WOMAN)	4
Laos_176	brother(younger of m)	289	People	People	1759	OLDER BROTHER	4
Laos_176	brother(younger of m)	289	People	People	2416	YOUNGER BROTHER (OF MAN)	4
Laos_176	brother(younger of m)	289	People	People	2417	YOUNGER BROTHER (OF WOMAN)	4
Laos_176	brother(younger of m)	289	People	People	1760	YOUNGER BROTHER	4
Laos_176	brother(younger of m)	289	People	People	559	BROTHER (OF MAN)	4
Laos_176	brother(younger of m)	289	People	People	560	BROTHER (OF WOMAN)	4
Laos_176	brother(younger of m)	289	People	People	1640	SIBLING	4
#>>>							
Laos_177	sister (younger of f)	290	People	People	2421	YOUNGER SISTER (OF WOMAN)	2
Laos_178	sister (younger of m)	291	People	People	2420	YOUNGER SISTER (OF MAN)	2
Laos_179	friend	292	People	People	1325	FRIEND	2
Laos_180	friend	293	People	People	1325	FRIEND	2
#<<<							
Laos_181	road, path	296	Home	Town	2457	PATH OR ROAD	2
Laos_181	road, path	296	Home	Town	667	ROAD	2
#>>>							
Laos_182	window	300	Home	Home	1375	WINDOW	2
Laos_183	roof	301	Home	Home	769	ROOF	2
Laos_184	wall of house	302	Home	Home	933	WALL (OF HOUSE)	2
#<<<							
Laos_185	to weave ( cloth )	307	Home	Verbs	133	WEAVE	3
Laos_185	to weave ( cloth )	307	Home	Verbs	3295	BRAID (VERB)	3
Laos_185	to weave ( cloth )	307	Home	Verbs	3296	WEAVE (BASKET)	3
Laos_185	to weave ( cloth )	307	Home	Verbs	1729	PLAIT OR BRAID OR WEAVE	3
Laos_185	to weave ( cloth )	307	Home	Verbs	3294	BRAID (VERB) OR WEAVE (BASKET)	3
#>>>							
Laos_186	to dye ( cloth )	308	Home	Verbs	157	DYE	3
Laos_187	to sew	310	Home	Verbs	1457	SEW	1
Laos_188	ring (finger)	313	Home	Apparel	1374	RING	2
Laos_189	paper, cord	314	Home	Tools	648	PAPER	2
Laos_190	pot (cooking-)	315	Home	Tools	1462	POT	2
Laos_191	spoon	316	Home	Tools	1378	SPOON	2
#<<<							
Laos_192	smoke	319	Home	Nature	778	SMOKE (EXHAUST)	2
Laos_192	smoke	319	Home	Nature	2859	SMOKE (EMIT SMOKE)	2
Laos_192	smoke	319	Home	Nature	1689	SMOKE (INHALE)	2
#>>>							
Laos_193	candle	320	Home	Tools	1273	CANDLE	2
Laos_194	to move	321	Home	Verbs	765	MOVE	1
Laos_195	coffin	322	Home	Home	2011	COFFIN	2
Laos_196	tools	323	Home	Tools	1361	TOOL	4
#<<<							
Laos_197	scissors	324	Home	Tools	1328	SCISSORS	2
Laos_197	scissors	324	Home	Tools	356	SHEARS	2
#>>>							
Laos_198	to sharpen a knife	326	Home	Verbs		???	
Laos_199	to pierce	327	Home	Verbs	398	PIERCE	1
Laos_200	to hammer	329	Home	Verbs	3115	HAMMER (SOMETHING)	3
Laos_201	to roll	331	Home	Verbs	827	ROLL	1
Laos_202	ropes	332	Home	Tools	1218	ROPE	4
Laos_203	basket	333	Home	Tools	1539	BASKET	2
#<<<							
Laos_204	whistle	334	Home	Tools	3107	WHISTLE (INSTRUMENT)	2
Laos_204	whistle	334	Home	Tools	1025	WHISTLE	2
#>>>							
Laos_205	matches	335	Home	Tools	1133	MATCH	2
#<<<							
Laos_206	smell	337	Verbs	Verbs	1586	SMELL (PERCEIVE)	2
Laos_206	smell	337	Verbs	Verbs	2124	SMELL	2
#>>>							
Laos_207	to wink	339	Verbs	Verbs	1655	BLINK	1
Laos_208	to weep	340	Verbs	Verbs	1839	CRY	1
Laos_209	to swallow	342	Verbs	Verbs	897	SWALLOW	1
Laos_210	to be hungry	343	Verbs	Verbs	1533	BE HUNGRY	1
Laos_211	to be full	344	Verbs	Verbs	1429	FULL	1
Laos_212	to be thirsty	345	Verbs	Verbs	3474	BE THIRSTY	1
Laos_213	to be drunk	347	Verbs	Verbs	1463	DRUNK	1
Laos_214	to vomit	348	Verbs	Verbs	1278	VOMIT	1
Laos_215	to spit	349	Verbs	Verbs	1440	SPIT	1
Laos_216	to cough	350	Verbs	Verbs	879	COUGH	1
Laos_217	to sneeze	351	Verbs	Verbs	1621	SNEEZE	1
Laos_218	to yawn	352	Verbs	Verbs	1028	YAWN	1
Laos_219	to breathe	353	Verbs	Verbs	1407	BREATHE	1
Laos_220	to suck	355	Verbs	Verbs	1421	SUCK	1
Laos_221	to suck	356	Verbs	Verbs	1421	SUCK	1
Laos_222	to lick	357	Verbs	Verbs	319	LICK	1
Laos_223	to smile	358	Verbs	Verbs	1451	SMILE	1
Laos_224	to laugh	359	Verbs	Verbs	1355	LAUGH	1
Laos_225	to speak	360	Verbs	Verbs	1623	SPEAK	1
Laos_226	to shout	362	Verbs	Verbs	715	SHOUT	1
Laos_227	to lie, fib	364	Verbs	Verbs	601	LIE (MISLEAD)	1
Laos_228	to sing	365	Verbs	Verbs	1261	SING	1
Laos_229	to sing	366	Verbs	Verbs	1261	SING	1
Laos_230	to think	367	Verbs	Verbs	2271	THINK	1
Laos_231	to love	370	Verbs	Verbs	923	LOVE	1
Laos_232	to hate	371	Verbs	Verbs	1607	HATE	1
Laos_233	to count	373	Verbs	Verbs	1420	COUNT	1
Laos_234	to be afraid	374	Verbs	Verbs	1419	FEAR (BE AFRAID)	1
Laos_235	to be angry	375	Verbs	Verbs	2223	BE ANGRY	1
Laos_236	to snore	377	Verbs	Verbs	1983	SNORE	1
Laos_237	to dream	378	Verbs	Verbs	1920	DREAM (SOMETHING)	1
#<<<							
Laos_238	to itch	380	Verbs	Verbs	149	ITCHY	1
Laos_238	to itch	380	Verbs	Verbs	148	ITCH	1
#>>>							
Laos_239	to scratch	381	Verbs	Verbs	1436	SCRATCH	1
Laos_240	to shiver	382	Verbs	Verbs	52	SHIVER	1
#<<<							
Laos_241	ghost	384	Verbs	Verbs	53	SPIRIT	2
Laos_241	ghost	384	Verbs	Verbs	1175	GHOST	2
#>>>							
Laos_242	to kneel	387	Verbs	Verbs	66	KNEEL	1
#<<<							
Laos_243	to crawl	389	Verbs	Verbs	96	CRAWL	1
Laos_243	to crawl	389	Verbs	Verbs	3456	CRAWL OR CREEP	1
#>>>							
Laos_244	to enter	391	Verbs	Verbs	749	ENTER	1
Laos_245	to push	393	Verbs	Verbs	1452	PUSH	1
Laos_246	to kick	395	Verbs	Verbs	1135	KICK	1
Laos_247	to throw	396	Verbs	Verbs	1456	THROW	1
Laos_248	to throw	397	Verbs	Verbs	1456	THROW	1
Laos_249	to fall	398	Verbs	Verbs	1280	FALL	1
#<<<							
Laos_250	to tie	401	Verbs	Verbs	1917	TIE	1
Laos_250	to tie	401	Verbs	Verbs	1094	FASTEN	1
#>>>							
Laos_251	to wipe	402	Verbs	Verbs	1454	WIPE	1
#<<<							
Laos_252	to hit	403	Verbs	Verbs	1433	HIT	1
Laos_252	to hit	403	Verbs	Verbs	353	STRIKE	1
#>>>							
Laos_253	to split	404	Verbs	Verbs	1437	SPLIT	1
Laos_254	to cut (hair)	405	Verbs	Verbs	2155	CUT (WITH SCISSORS)	1
#<<<							
Laos_255	to stab	406	Verbs	Verbs	3189	STAB TO DEATH	1
Laos_255	to stab	406	Verbs	Verbs	1434	STAB	1
#>>>							
Laos_256	to grind	407	Verbs	Verbs	1033	GRIND	1
Laos_257	to plant	408	Verbs	Verbs	1486	PLANT (SOMETHING)	1
Laos_258	to dig	409	Verbs	Verbs	1418	DIG	1
Laos_259	to bury (a corpse)	410	Verbs	Verbs	1719	BURY	1
Laos_260	to dry (sth.)	411	Verbs	Verbs	1398	DRY	1
Laos_261	to pound (rice)	412	Verbs	Verbs	354	POUND	1
Laos_262	to boil (sth.)	413	Verbs	Verbs	2492	BOIL (SOMETHING)	1
Laos_263	to burn	414	Verbs	Verbs	2102	BURN	1
Laos_264	to burn	415	Verbs	Verbs	2102	BURN	1
Laos_265	to work	416	Verbs	Verbs	1086	WORK (ACTIVITY)	1
Laos_266	to play	417	Verbs	Verbs	1413	PLAY	1
Laos_267	to dance	418	Verbs	Verbs	1879	DANCE	1
Laos_268	to shoot	419	Verbs	Verbs	1172	SHOOT	1
Laos_269	to hunt	420	Verbs	Verbs	1435	HUNT	1
Laos_270	to fight	421	Verbs	Verbs	1423	FIGHT	1
Laos_271	to exchange	424	Verbs	Verbs	2509	EXCHANGE	1
Laos_272	to disappear	426	Verbs	Verbs	485	DISAPPEAR	1
Laos_273	1 (person)	427	Numbers	Numbers	1493	ONE	4
Laos_274	2 (persons)	428	Numbers	Numbers	1498	TWO	4
Laos_275	3 (persons)	429	Numbers	Numbers	492	THREE	4
Laos_276	4 (persons)	430	Numbers	Numbers	1500	FOUR	4
Laos_277	5 (persons)	431	Numbers	Numbers	493	FIVE	4
Laos_278	6 (persons)	432	Numbers	Numbers	1703	SIX	4
Laos_279	7 (persons)	433	Numbers	Numbers	1704	SEVEN	4
Laos_280	8 (persons)	434	Numbers	Numbers	1705	EIGHT	4
Laos_281	9 (persons)	435	Numbers	Numbers	1483	NINE	4
Laos_282	10 (persons)	436	Numbers	Numbers	1515	TEN	4
Laos_283	20 (persons)	437	Numbers	Numbers	1710	TWENTY	4
Laos_284	30 (persons)	438	Numbers	Numbers	1715	THIRTY	4
Laos_285	40 (persons)	439	Numbers	Numbers	1716	FORTY	4
Laos_286	50 (persons)	440	Numbers	Numbers	1717	FIFTY	4
Laos_287	60 (persons)	441	Numbers	Numbers	1718	SIXTY	4
Laos_288	70 (persons)	442	Numbers	Numbers	1721	SEVENTY	4
Laos_289	80 (persons)	443	Numbers	Numbers	1722	EIGHTY	4
Laos_290	90 (persons)	444	Numbers	Numbers	1724	NINETY	4
Laos_291	100 (persons)	445	Numbers	Numbers	1634	HUNDRED	4
Laos_292	1,000 (persons)	446	Numbers	Numbers	1493	ONE	4
Laos_293	10,000 (persons)	447	Numbers	Numbers	1515	TEN	4
Laos_294	100,000 (persons)	448	Numbers	Numbers	1634	HUNDRED	4
Laos_295	1,000,000 (persons)	449	Numbers	Numbers	1493	ONE	4
Laos_296	to be many	450	Numbers	Numbers	1198	MANY	1
Laos_297	all	451	Numbers	Numbers	98	ALL	2
Laos_298	some	452	Numbers	Numbers	1241	SOME	2
Laos_299	to be few	453	Numbers	Numbers	1242	FEW	1
Laos_300	half a unit	454	Numbers	Numbers	816	HALF	2
Laos_301	to be big	455	Dimensions	Dimensions	1202	BIG	1
Laos_302	to be small	456	Dimensions	Dimensions	1246	SMALL	1
Laos_303	to be long	457	Dimensions	Dimensions	1203	LONG	1
Laos_304	to be short (length)	458	Dimensions	Dimensions	1645	SHORT	1
Laos_305	to be tall	459	Dimensions	Dimensions	711	TALL	1
Laos_306	to be short (height)	460	Dimensions	Dimensions	2191	LOW (HEIGHT)	1
Laos_307	to be thick	461	Dimensions	Dimensions	1244	THICK	1
Laos_308	to be thin	462	Dimensions	Dimensions	2308	THIN	1
Laos_309	to be fat	463	Dimensions	Dimensions	1279	FAT (OBESE)	1
Laos_310	to be wide, broad	464	Dimensions	Dimensions	1243	WIDE	1
Laos_311	to be narrow	465	Dimensions	Dimensions	1267	NARROW	1
Laos_312	to be deep	466	Dimensions	Dimensions	1593	DEEP	1
Laos_313	to be shallow	467	Dimensions	Dimensions	193	SHALLOW	1
Laos_314	to be round	468	Dimensions	Dimensions	1395	ROUND	1
Laos_315	to be full	469	Dimensions	Dimensions	1429	FULL	1
Laos_316	left side	471	Dimensions	Direction	244	LEFT	2
Laos_317	to be straight	472	Dimensions	Dimensions	1404	STRAIGHT	1
Laos_318	to be straight	473	Dimensions	Dimensions	1404	STRAIGHT	1
Laos_319	to be far	474	Dimensions	Dimensions	1406	FAR	1
Laos_320	to be near	475	Dimensions	Dimensions	1942	NEAR	1
Laos_321	this	476	Dimensions	Direction	1214	THIS	2
Laos_322	that	477	Dimensions	Direction	78	THAT	2
Laos_323	to be dirty	483	Appearance	Description	1230	DIRTY	1
Laos_324	to be new	484	Appearance	Description	1231	NEW	1
Laos_325	to be old	485	Appearance	Description	1229	OLD	1
Laos_326	to be dark	486	Appearance	Description	706	DARK	1
Laos_327	to be bright	487	Appearance	Description	679	BRIGHT	1
Laos_328	to be sweet	488	Taste/Feel	Description	717	SWEET	1
Laos_329	to be sour	489	Taste/Feel	Description	1906	SOUR	1
Laos_330	to be bitter	490	Taste/Feel	Description	887	BITTER	1
Laos_331	to be spicy, hot	491	Taste/Feel	Description	544	SPICY	1
Laos_332	to be rotten	492	Taste/Feel	Description	1728	ROTTEN	1
Laos_333	to be ripe	493	Taste/Feel	Description	178	RIPE	1
Laos_334	to be dry	494	Taste/Feel	Description	1398	DRY	1
Laos_335	to be wet	495	Taste/Feel	Description	1726	WET	1
Laos_336	to be hot	496	Taste/Feel	Description	1286	HOT	1
Laos_337	to be cold	497	Taste/Feel	Description	1287	COLD	1
Laos_338	to be sharp	498	Taste/Feel	Description	1396	SHARP	1
Laos_339	to be blunt	499	Taste/Feel	Description	379	BLUNT	1
Laos_340	to be heavy	500	Taste/Feel	Description	1210	HEAVY	1
Laos_341	to be hard	501	Taste/Feel	Description	1884	HARD	1
Laos_342	to be smooth	502	Taste/Feel	Description	1234	SMOOTH	1
Laos_343	to be fast	503	Other Qualities	Description	1631	FAST	1
Laos_344	to be slow	504	Other Qualities	Description	701	SLOW	1
Laos_345	to be strong	505	Other Qualities	Description	785	STRONG	1
Laos_346	to be strong	506	Other Qualities	Description	785	STRONG	1
Laos_347	to be weak	507	Other Qualities	Description	1601	WEAK	1
Laos_348	to be blind	508	Other Qualities	Description	1653	BLIND	1
Laos_349	to be deaf	509	Other Qualities	Description	996	DEAF	1
Laos_350	bald	510	Other Qualities	Description	1125	BALD	2
Laos_351	naked	511	Other Qualities	Description	590	NAKED	2
Laos_352	to be good	512	Other Qualities	Description	1035	GOOD	1
Laos_353	to be bad	513	Other Qualities	Description	1292	BAD	1
Laos_354	to be correct	514	Other Qualities	Description	1725	CORRECT (RIGHT)	1
Laos_355	to be wrong	515	Other Qualities	Description	1390	WRONG	1
#<<<							
Laos_356	warm	516	Other Qualities	Description	1232	WARM	2
Laos_356	warm	516	Other Qualities	Description	2272	HOT OR WARM	2
#>>>							
Laos_357	difficult	518	Other Qualities	Description	584	DIFFICULT	2
Laos_358	easy	519	Other Qualities	Description	686	EASY	2
#<<<							
Laos_359	loose	520	Other Qualities	Description	2506	LOOSE	2
Laos_359	loose	520	Other Qualities	Description	1933	LOOSEN	2
#>>>							
Laos_360	when	521	Question Words	Question Words	1238	WHEN	2
Laos_361	where	522	Question Words	Question Words	1237	WHERE	2
Laos_362	who	523	Question Words	Question Words	1235	WHO	2
Laos_363	what	524	Question Words	Question Words	1236	WHAT	2
Laos_364	how many	525	Question Words	Question Words	822	HOW MANY	2
#	721/806	89%				

